email list for mail to hmi_everybody list is sorted by solarmail address for most people note lm people mostly in hmi_tech list abirch at spd aas org afludra at spd aas org akosovichev at spd aas org alopez at spd aas org anorton at spd aas org atitle at spd aas org aimee norton norton at hao ucar edu alexei a pevtsov at nasa gov bdepontieu at spd aas org bfleck at spd aas org bhindman at spd aas org bjr at sun stanford edu bpoduval at spd aas org bwelsch at spd aas org barbara j thompson at nasa gov basilio ruiz cobo brc at iac es bruce lites lites at hao ucar edu cfrohlich at spd aas org chenney at noao edu clindsey at spd aas org csoares at spd aas org carl henney chenney at noao edu chris stcyr at nasa gov dbraun at spd aas org dgough at spd aas org dhaber at spd aas org dhathaway at spd aas org dlongcope at spd aas org drabin at spd aas org dscherrer at spd aas org dychou at spd aas org david alexander dalex at rice edu david alexander dalex at rice edu ebenevolenskaya at spd aas org edeluca at spd aas org epriest at spd aas org erhodes at spd aas org elizabeth a citrin at nasa gov fhill at spd aas org gfisher at spd aas org graham barnes graham at cora nwra com hnavarro at spd aas org hshibahashi at spd aas org hwang at spd aas org hector socas navarro navarro at ucar edu jaloise at spd aas org jbeck at spd aas org jchristensen at spd aas org jgraham at spd aas org jgurman at spd aas org jharvey at spd aas org jkuhn at spd aas org jlculhane at spd aas org jleibacher at spd aas org jluhmann at spd aas org jmctiernan at spd aas org jpap at spd aas org jschou at spd aas org jstenflo at spd aas org jtoomre at spd aas org jzhao at spd aas org jack ireland 1 at gsfc nasa gov jaybookbinder at spd aas org jon linker linkerj at predsci com jose carlos del toro iniesta jti at iaa es juan m borrero borrero at hao ucar edu kd leka leka at cora nwra com kchu at spd aas org khayashi at spd aas org kparchevsky at spd aas org kschrijver at spd aas org lbertello at spd aas org lgizon at spd aas org lgolub at spd aas org lrtian at spd aas org lidia vandriel at obspm fr maschwanden at spd aas org mderosa at spd aas org mthompson at spd aas org mturmon at spd aas org mweber at spd aas org mwoodard at spd aas org madhulika guhathakurta at nasa gov manolis georgoulis at jhuapl edu marc derosa derosa at lmsal com mark cheung cheung at lmsal com masahito kubo kubo at ucar edu michael hesse at nasa govmichael hesse nasa gov michael j scott 1 at nasa gov nhurlburt at spd aas org nmansour at mail arc nasa gov nnitta at spd aas org pcally at spd aas org pgoode at spd aas org prajaguru at spd aas org pscherrer at spd aas org psturrock at spd aas org rbogart at spd aas org rbush at spd aas org rharrison at spd aas org rhowe at spd aas org rlarsen at spd aas org rshine at spd aas org rstein at spd aas org rulrich at spd aas org rwkomm at spd aas org rwachter at spd aas org rodney viereck at noaa gov romeo at sun stanford edu sbasu at spd aas org scouvidat at spd aas org skorzennik at spd aas org sregnier at spd aas org ssolanki at spd aas org stomczyk at spd aas org steven tomczyk tomczyk at ucar edu tbai at spd aas org tberger at spd aas org tdarnell at spd aas org tduvall at spd aas org thoeksema at spd aas org tsakurai at spd aas org tsekii at spd aas org ttarbell at spd aas org thailand at sun stanford edu thomas a anderson at nasa gov valentin martinez pillet vmp at iac es wabbett at spd aas org wschmutz at spd aas org william d pesnell at nasa gov wray at nas nasa gov xpzhao at spd aas org yelsworth at spd aas org yliu at spd aas org zoran mikic mikicz at predsci com aake at astro ku dk arjones at usc edu borrero at ucar edu carl at sun stanford edu djudge at usc edu eca at mssl ucl ac uk eca at mssl ucl ac uk elmore at ucar edu fasojka at sojka cass usu edu frank eparvier at lasp colorado edu gary rottman at lasp colorado edu gdb at ll mit edu hmi_tech at lmsal com hwarren at ssd5 nrl navy mil ireland at grace nascom nasa gov jeneen at sun stanford edu jlean at ssd5 nrl navy mil kimross at sun stanford edu ktobiska at spacenvironment net kubo at ucar edu kvs at ucar edu lites at ucar edu mariska at nrl navy mil mcmullin at nrl navy mil mstehle at windband org sbuhr at cires colorado edu schou at sun stanford edu scott m bailey at vt edu tim fuller rowell at noaa gov todd at sun stanford edu tom woods at lasp colorado edu wiegelmann at linmpi mpg de xudong at sun stanford edu yanli at ssl berkeley edu yliu at sun stanford edu
